"field","data"
"SC0","7"
"SC1","24"
"SC2","7"
"SC3","4"
"SC4","5"
"SC5","7"
"SC6","6"
"SC7","22"
"SC8","19"
"SC9","9"
"SC10","7"
"SC11","7"
"SC12","7"
"SC13","7"
"SC14","6"
"SC15","5"
"SC16","7"
"SC17","7"
"SC18","7"
"SC19","3"
"SC20","7"
"SC21","7"
"SC22","7"
"SC23","7"
"SC24","7"
"SC25","5"
"SC26","7"
"SC27","3"
"SC28","6"
"SC29","4"
"SC30","7"
"SC31","7"
"SC32","3"
"SC33","26"
"SC34","22"
"SC35","27"
"SC36","25"
"SC37","28"
"SC38","21"
"SC39","23"
"SC40","49"
"SC41","109"
"SC42","49"
"SC43","68"
"SC44","27"
"SC45","47"
"SC46","10"
"SC47","0"
"SC48","0"
"SC49","1"
"SC50","1"
"SC51","0"
"SC52","2"
"SC53","7"
"SC54","0"
"SC55","28"
"SC56","26"
"SC57","27"
"SC58","28"
"SC59","28"
"SC60","7"
"SC61","7"
"SC62","7"
"SC63","7"
"SC64","7"
"SC65","7"
"SC66","6"
"SC67","7"
"SC68","6"
"SC69","7"
"SC70","7"
"SC71","7"
"SC72","7"
"SC73","7"
"SC74","7"
"SC75","7"
"SC76","7"
"SC77","7"
"SC78","4"
"SC79","7"
"SC80","6"
"SC81","6"
"SC82","7"
"SC83","7"
"SC84","4"
"SC85","4"
"SC86","13"
"SC87","16"
"SC88","19"
"SC89","16"
"SC90","11"
"SC91","4"
"SC92","4"
"SC93","16"
"SC94","20"
"SC95","12"
"SC96","7"
"SC97","4"
"SC98","4"
"SC99","4"
"SC100","4"
"SC101","4"
"SC102","12"
"SC103","12"
"SC104","16"
"SC105","12"
"SC106","4"
"SC107","4"
"SC108","4"
"SC109","6"
"SC110","9"
"SC111","10"
"SC112","20"
"SC113","20"
"SC114","6"
"SC115","16"
"SC116","16"
"SC117","30"
"SC118","54"
"SC119","50"
"SC120","62"
"SC121","52"
"SC122","25"
"SC123","16"
"SC124","36"
"SC125","8"
"SC126","5"
"SC127","4"
"SC128","11"
"SC129","33"
"SC130","20"
"SC131","9"
"SC132","22"
"SC133","19"
"SC134","20"
"SC135","20"
"SC136","40"
"SC137","8"
"SC138","4"
"Login.ID","92679"
"GoalEfficacy1","7"
"GoalSatis1","7"
"GoalThink1","6"
"GoalApproach1","7"
"GoalGrowth1","7"
"GoalIntrinsic1","7"
"GoalEfficacy2","7"
"GoalSatis2","5"
"GoalThink2","7"
"GoalApproach2","7"
"GoalGrowth2","7"
"GoalIntrinsic2","7"
"GoalEfficacy3","7"
"GoalSatis3","7"
"GoalThink3","7"
"GoalApproach3","7"
"GoalGrowth3","7"
"GoalIntrinsic3","7"
"GoalEfficacy4","5"
"GoalSatis4","3"
"GoalThink4","3"
"GoalApproach4","6"
"GoalGrowth4","4"
"GoalIntrinsic4","7"
"BIS","27"
"BAS","47"
"GoalEfficacyTotal","6.5"
"GoalSatisTotal","5.5"
"GoalThinkTotal","5.75"
"GoalApproachTotal","6.75"
"GoalGrowthTotal","6.25"
"GoalIntrinsicTotal","7"
"RssmRelateSatis1","4"
"RssmControlSatis1","4.5"
"RssmEsteemFrus1","1"
"RssmAutoFrus1","1.25"
"RssmRelateSatis2","1"
"RssmControlSatis2","1.375"
"RssmEsteemFrus2","4.125"
"RssmAutoFrus2","5"
"RssmRelateSatis3","2.25"
"RssmControlSatis3","2.75"
"RssmEsteemFrus3","2.375"
"RssmAutoFrus3","5"
"RssmRelateSatis4","5"
"RssmControlSatis4","5"
"RssmEsteemFrus4","1"
"RssmAutoFrus4","1"
"GoalConflictTotal","1.75"
"GoalConflict1","2"
"GoalConflict2","1"
"GoalConflict3","1.666666667"
"GoalConflict4","2.333333333"
"StandardEfficacyTotal","7"
"StandardIntrinsicTotal","7"
"StandardGrowthTotal","7"
"StandardSatisTotal","6.5"
"StandardThinkTotal","6"
"RssmDistant1","1"
"RssmDominant1","1"
"RssmDominDistant1","1"
"RssmDominFriend1","2.75"
"RssmFriend1","4"
"RssmYield1","4"
"RssmYieldDistant1","3.25"
"RssmYieldFriend1","4.75"
"RssmDistant2","4"
"RssmDominant2","1"
"RssmDominDistant2","1"
"RssmDominFriend2","1"
"RssmFriend2","1"
"RssmYield2","3"
"RssmYieldDistant2","5"
"RssmYieldFriend2","1.75"
"RssmDistant3","1"
"RssmDominant3","1"
"RssmDominDistant3","1"
"RssmDominFriend3","1"
"RssmFriend3","3"
"RssmYield3","3"
"RssmYieldDistant3","3"
"RssmYieldFriend3","4"
"RssmDistant4","1.5"
"RssmDominant4","1"
"RssmDominDistant4","1"
"RssmDominFriend4","1.5"
"RssmFriend4","5"
"RssmYield4","2.5"
"RssmYieldDistant4","2.25"
"RssmYieldFriend4","5"
"RssmDominantTotal","1"
"RssmDominFriendTotal","1.5625"
"RssmFriendTotal","3.25"
"RssmYieldFriendTotal","3.875"
"RssmYieldTotal","3.125"
"RssmYieldDistantTotal","3.375"
"RssmDistantTotal","1.875"
"RssmDominDistantTotal","1"
"RssmRelateSatisTotal","3.0625"
"RssmControlSatisTotal","3.40625"
"RssmEsteemFrusTotal","2.125"
"RssmAutoFrusTotal","3.0625"
"RssmName1","Andrew"
"RssmName2","Laurie"
"RssmName3","Chris"
"RssmName4","Bree"
"RssmRole1","Relative"
"RssmRole2","Relative"
"RssmRole3","Relative"
"RssmRole4","Relative"
"Strength1","Caring- care about each person I interact with"
"Strength2","Honest- very straight forward, I don't lie"
"Strength3","Motivated- I am motivated to succeed"
"Weakness1","Shy- Being afraid of conversations"
"Weakness2","Public speaking- get very anxious when having to speak in public"
"Weakness3","Awkward- not knowing what to say to people"
"GoalDescrip1","My goal is to become an occupational therapist."
"GoalDescrip2","Become a better version of myself, lose weight, become more toned."
"GoalDescrip3","Become more confident with myself and healthy."
"GoalDescrip4","My goal in my intimate relationship is to get married one day."
"StandardDescrip1","  Being kind, caring, nurturing to others:"
"StandardDescrip2","Being self-disciplined, persistent, not giving up, resisting temptation: 7"
"StandardDescrip3","Being honest, truthful, sincere, authentic: 2"
"StandardDescrip4","Being respectful of authority, leadership, obeying laws/rules: 1"
"ValueRankMoney","2"
"ValueRankJobCareer","1"
"ValueRankEducLearning","8"
"ValueRankLeisureRecrea","5"
"ValueRankSelfGrowth","7"
"ValueRankIntimateRel","3"
"ValueRankFriendsFamily","6"
"ValueRankSpiritReligion","9"
"ValueRankPhysicalHealth","4"
