field,convert
bas,0
bis,0
goalapproach1,1
goalapproach2,1
goalapproach3,1
goalapproach4,1
goalapproachtotal,1
goalconflict1,1
goalconflict2,1
goalconflict3,1
goalconflict4,1
goalconflicttotal,1
goaldescrip1,0
goaldescrip2,0
goaldescrip3,0
goaldescrip4,0
goalefficacy1,1
goalefficacy2,1
goalefficacy3,1
goalefficacy4,1
goalefficacytotal,1
goalgrowth1,1
goalgrowth2,1
goalgrowth3,1
goalgrowth4,1
goalgrowthtotal,1
goalintrinsic1,1
goalintrinsic2,1
goalintrinsic3,1
goalintrinsic4,1
goalintrinsictotal,1
goalsatis1,1
goalsatis2,1
goalsatis3,1
goalsatis4,1
goalsatistotal,1
goalthink1,2
goalthink2,2
goalthink3,2
goalthink4,2
goalthinktotal,2
login.id,0
rssmautofrus1,3
rssmautofrus2,3
rssmautofrus3,3
rssmautofrus4,3
rssmautofrustotal,3
rssmcontrolsatis1,3
rssmcontrolsatis2,3
rssmcontrolsatis3,3
rssmcontrolsatis4,3
rssmcontrolsatistotal,3
rssmdistant1,3
rssmdistant2,3
rssmdistant3,3
rssmdistant4,3
rssmdistanttotal,3
rssmdominant1,3
rssmdominant2,3
rssmdominant3,3
rssmdominant4,3
rssmdominanttotal,3
rssmdomindistant1,3
rssmdomindistant2,3
rssmdomindistant3,3
rssmdomindistant4,3
rssmdomindistanttotal,3
rssmdominfriend1,3
rssmdominfriend2,3
rssmdominfriend3,3
rssmdominfriend4,3
rssmdominfriendtotal,3
rssmesteemfrus1,3
rssmesteemfrus2,3
rssmesteemfrus3,3
rssmesteemfrus4,3
rssmesteemfrustotal,3
rssmfriend1,3
rssmfriend2,3
rssmfriend3,3
rssmfriend4,3
rssmfriendtotal,3
rssmname1,0
rssmname2,0
rssmname3,0
rssmname4,0
rssmrelatesatis1,3
rssmrelatesatis2,3
rssmrelatesatis3,3
rssmrelatesatis4,3
rssmrelatesatistotal,3
rssmrole1,0
rssmrole2,0
rssmrole3,0
rssmrole4,0
rssmyield1,3
rssmyield2,3
rssmyield3,3
rssmyield4,3
rssmyielddistant1,3
rssmyielddistant2,3
rssmyielddistant3,3
rssmyielddistant4,3
rssmyielddistanttotal,3
rssmyieldfriend1,3
rssmyieldfriend2,3
rssmyieldfriend3,3
rssmyieldfriend4,3
rssmyieldfriendtotal,3
rssmyieldtotal,3
sc0,0
sc1,0
sc10,0
sc100,0
sc101,0
sc102,0
sc103,0
sc104,0
sc105,0
sc106,0
sc107,0
sc108,0
sc109,0
sc11,0
sc110,0
sc111,0
sc112,0
sc113,0
sc114,0
sc115,0
sc116,0
sc117,0
sc118,0
sc119,0
sc12,0
sc120,0
sc121,0
sc122,0
sc123,0
sc124,0
sc125,0
sc126,0
sc127,0
sc128,0
sc129,0
sc13,0
sc130,0
sc131,0
sc132,0
sc133,0
sc134,0
sc135,0
sc136,0
sc137,0
sc138,0
sc14,0
sc15,0
sc16,0
sc17,0
sc18,0
sc19,0
sc2,0
sc20,0
sc21,0
sc22,0
sc23,0
sc24,0
sc25,0
sc26,0
sc27,0
sc28,0
sc29,0
sc3,0
sc30,0
sc31,0
sc32,0
sc33,0
sc34,0
sc35,0
sc36,0
sc37,0
sc38,0
sc39,0
sc4,0
sc40,0
sc41,0
sc42,0
sc43,0
sc44,0
sc45,0
sc46,0
sc47,0
sc48,0
sc49,0
sc5,0
sc50,0
sc51,0
sc52,0
sc53,0
sc54,0
sc55,0
sc56,0
sc57,0
sc58,0
sc59,0
sc6,0
sc60,0
sc61,0
sc62,0
sc63,0
sc64,0
sc65,0
sc66,0
sc67,0
sc68,0
sc69,0
sc7,0
sc70,0
sc71,0
sc72,0
sc73,0
sc74,0
sc75,0
sc76,0
sc77,0
sc78,0
sc79,0
sc8,0
sc80,0
sc81,0
sc82,0
sc83,0
sc84,0
sc85,0
sc86,0
sc87,0
sc88,0
sc89,0
sc9,0
sc90,0
sc91,0
sc92,0
sc93,0
sc94,0
sc95,0
sc96,0
sc97,0
sc98,0
sc99,0
standardapproach1,1
standardapproach2,1
standardapproach3,1
standardapproach4,1
standardapproachtotal,1
standarddescrip1,0
standarddescrip2,0
standarddescrip3,0
standarddescrip4,0
standardefficacy1,1
standardefficacy2,1
standardefficacy3,1
standardefficacy4,1
standardefficacytotal,1
standardgrowth1,1
standardgrowth2,1
standardgrowth3,1
standardgrowth4,1
standardgrowthtotal,1
standardintrinsic1,1
standardintrinsic2,1
standardintrinsic3,1
standardintrinsic4,1
standardintrinsictotal,1
standardsatis1,1
standardsatis2,1
standardsatis3,1
standardsatis4,1
standardsatistotal,1
standardthink1,2
standardthink2,2
standardthink3,2
standardthink4,2
standardthinktotal,2
strength1,0
strength2,0
strength3,0
valuerankeduclearning,0
valuerankfriendsfamily,0
valuerankintimaterel,0
valuerankjobcareer,0
valuerankleisurerecrea,0
valuerankmoney,0
valuerankphysicalhealth,0
valuerankselfgrowth,0
valuerankspiritreligion,0
weakness1,0
weakness2,0
weakness3,0